gugun,dong,oneperson,twoperson,threeperson,fourperson,fiveperson,sixperson,sevenperson,eightperson,nineperson,tenperson
종로구,사직동,2427,952,700,524,136,24,18,3,-,3
종로구,삼청동,638,260,162,135,43,16,5,-,-,-
종로구,부암동,1666,1002,751,623,183,46,16,3,1,3
종로구,평창동,2462,1810,1462,1316,377,70,18,12,4,1
종로구,무악동,679,714,737,725,180,25,12,1,1,1
종로구,교남동,1598,1075,920,706,129,31,6,2,1,-
종로구,가회동,938,439,326,220,65,20,6,4,-,1
종로구,종로1.2.3.4가동,4214,530,279,191,45,15,3,2,-,-
종로구,종로5·6가동,2463,505,273,170,43,8,3,1,-,-
종로구,이화동,2673,747,450,324,86,14,9,-,1,-
종로구,창신1동,1769,574,316,188,66,12,5,-,-,-
종로구,창신2동,2056,950,566,417,133,28,5,1,-,-
종로구,창신3동,887,704,635,414,137,30,1,3,-,-
종로구,숭인1동,1461,687,441,321,87,20,5,-,1,-
종로구,숭인2동,4209,935,489,358,88,16,4,-,-,-
종로구,청운효자동,1985,1142,1008,811,220,50,13,5,3,-
종로구,혜화동,5750,1464,1042,820,213,55,20,6,1,3
종로구,혜화동,5750,1464,1042,820,213,55,20,6,1,3
중구,소공동,708,208,190,71,15,4,1,-,1,1
중구,회현동,1960,448,291,229,63,11,9,2,1,-
중구,명동,1094,235,131,75,22,5,3,1,-,3
중구,필동,1572,415,217,155,44,9,2,1,-,1
중구,장충동,1739,431,246,191,60,18,4,1,1,1
중구,광희동,2293,575,285,169,46,16,2,1,-,2
중구,을지로동,1096,170,51,33,10,3,1,-,-,-
중구,신당5동,2726,1213,744,535,148,27,6,3,1,-
중구,황학동,3857,1509,890,549,128,26,7,1,1,1
중구,중림동,2530,1280,1029,757,154,38,13,2,-,-
중구,신당동,3006,838,438,294,71,22,3,-,-,-
중구,다산동,3238,1668,1020,791,184,37,15,3,1,2
중구,약수동,2948,2106,1468,915,225,69,12,4,-,4
중구,청구동,2562,1580,1111,855,206,49,6,2,3,1
중구,동화동,1187,1019,905,769,210,57,17,5,1,1
중구,동화동,1187,1019,905,769,210,57,17,5,1,1
용산구,후암동,4159,1823,1312,921,242,61,14,6,4,6
용산구,용산2가동,2882,1221,699,427,117,19,5,2,-,-
용산구,남영동,4131,608,291,230,51,16,5,1,-,1
용산구,원효로2동,2284,1362,1183,968,229,62,12,4,4,3
용산구,효창동,1598,1009,867,697,173,51,6,3,1,-
용산구,용문동,2032,1340,1022,780,183,48,8,4,2,-
용산구,이촌1동,2136,2364,2602,2352,510,128,33,8,4,1
용산구,이촌2동,1287,1054,737,498,138,26,10,3,1,-
용산구,이태원1동,2298,772,456,265,73,21,5,1,-,1
용산구,이태원2동,2715,1091,651,399,97,33,5,-,1,2
용산구,서빙고동,1780,1146,943,1035,307,68,15,2,-,-
용산구,보광동,4195,1695,971,623,158,36,7,1,-,-
용산구,청파동,6741,2043,1176,859,212,55,15,3,1,4
용산구,원효로1동,3979,1702,1237,936,178,41,8,4,3,1
용산구,한강로동,6235,2481,1474,1089,204,64,16,7,3,2
용산구,한남동,6045,2392,1432,940,252,73,14,9,1,1
용산구,한남동,6045,2392,1432,940,252,73,14,9,1,1
성동구,왕십리2동,3008,1765,1414,1109,227,69,11,4,-,1
성동구,마장동,5036,2402,1646,1382,324,78,15,11,2,3
성동구,사근동,5729,990,553,448,123,22,7,-,-,-
성동구,행당1동,2745,1387,1203,916,191,37,10,5,-,1
성동구,행당2동,2431,2487,2160,1863,365,75,20,7,2,1
성동구,응봉동,1624,1438,1442,1269,263,50,11,7,-,2
성동구,금호1가동,2236,1702,1428,1052,225,50,11,-,-,-
성동구,금호4가동,2269,1642,1402,913,176,28,14,4,-,-
성동구,성수1가1동,3355,1736,1297,1149,229,52,7,5,1,-
성동구,성수1가2동,2986,1405,1047,767,178,38,5,3,1,-
성동구,성수2가1동,4218,1837,1234,889,180,39,8,4,1,-
성동구,성수2가3동,3016,1113,741,621,163,42,9,2,2,1
성동구,송정동,2946,1164,769,539,132,32,5,-,1,-
성동구,용답동,4471,1213,713,516,112,30,6,-,1,1
성동구,왕십리도선동,4764,2526,2336,1858,367,73,23,10,2,1
성동구,금호2.3가동,3700,2628,2099,1469,302,63,18,3,1,1
성동구,옥수동,3338,2909,2571,1748,392,80,21,4,1,-
성동구,옥수동,3338,2909,2571,1748,392,80,21,4,1,-
광진구,화양동,13929,1974,710,514,89,26,9,-,1,1
광진구,군자동,6638,2081,1303,925,195,44,14,3,1,1
광진구,중곡1동,4307,1908,1100,763,151,39,9,2,2,-
광진구,중곡2동,4768,2503,1696,1229,290,63,10,5,2,-
광진구,중곡3동,4227,1983,1186,861,203,27,9,2,-,-
광진구,중곡4동,5069,3283,2465,1770,407,98,23,5,2,1
광진구,능동,3696,1331,742,489,124,34,5,3,-,-
광진구,구의1동,6951,2408,1469,1014,240,54,9,1,-,3
광진구,구의2동,4217,2688,2195,1888,418,87,34,4,1,4
광진구,구의3동,4133,2699,2442,2275,455,92,28,6,2,1
광진구,광장동,2256,2031,3064,3787,661,154,28,5,3,3
광진구,자양1동,6176,2500,1602,1213,273,51,6,3,1,1
광진구,자양2동,4126,2631,2107,1774,367,79,23,3,1,-
광진구,자양3동,3067,2571,2464,2465,436,95,29,11,2,1
광진구,자양4동,5030,2032,1245,841,197,39,15,-,-,1
광진구,자양4동,5030,2032,1245,841,197,39,15,-,-,1
동대문구,회기동,4188,934,562,467,117,25,4,3,-,-
동대문구,휘경1동,4106,1292,918,743,191,36,10,-,-,1
동대문구,휘경2동,5872,2190,1785,1537,347,76,18,4,-,1
동대문구,청량리동,4745,2251,1414,1005,254,66,7,4,-,-
동대문구,용신동,11511,3259,1887,1310,302,67,20,3,-,-
동대문구,제기동,7193,2681,1652,1219,325,83,16,5,2,1
동대문구,전농1동,7322,3088,2282,1644,396,64,22,6,2,3
동대문구,전농2동,2269,1923,1650,1396,342,79,10,5,-,1
동대문구,답십리2동,4586,3251,2422,1887,424,100,21,8,1,-
동대문구,장안1동,8055,4055,3093,2302,582,101,30,5,3,-
동대문구,장안2동,4912,3149,2816,2389,487,126,31,6,2,1
동대문구,이문1동,6271,1731,1073,894,199,58,12,4,2,1
동대문구,이문2동,3128,2028,1616,1438,354,70,24,3,3,1
동대문구,답십리1동,5186,2746,2502,1917,478,93,23,9,1,1
동대문구,답십리1동,5186,2746,2502,1917,478,93,23,9,1,1
중랑구,면목2동,5889,2799,1877,1386,318,56,12,4,-,-
중랑구,면목4동,3892,2187,1599,1100,263,53,17,-,1,-
중랑구,면목5동,2183,1624,1337,987,199,29,6,-,-,-
중랑구,면목7동,4629,2629,1768,1271,269,64,13,6,-,-
중랑구,상봉1동,3379,2520,2182,1857,326,81,15,2,1,-
중랑구,상봉2동,7255,2420,1328,731,157,36,11,4,-,-
중랑구,중화1동,3508,2324,1705,1229,287,45,20,1,2,-
중랑구,중화2동,7279,3151,1814,1133,253,53,11,3,2,1
중랑구,묵1동,5245,3498,2919,2492,597,133,33,7,4,-
중랑구,묵2동,4176,2272,1555,1049,265,53,7,1,3,1
중랑구,망우3동,3869,2043,1350,910,198,46,6,1,2,-
중랑구,신내1동,3623,3610,3050,3194,929,171,45,13,2,2
중랑구,신내2동,3022,2376,1870,1441,272,59,10,6,-,1
중랑구,면목본동,8916,4093,2549,1739,387,66,21,4,2,1
중랑구,면목3.8동,5911,3124,1935,1383,270,63,14,1,2,1
중랑구,망우본동,7150,3388,2291,1670,409,71,16,3,1,1
중랑구,망우본동,7150,3388,2291,1670,409,71,16,3,1,1
성북구,돈암1동,1792,1659,1295,1077,245,59,9,1,2,1
성북구,돈암2동,1729,1957,2157,2152,496,112,33,9,1,4
성북구,안암동,6265,1378,830,638,124,27,4,1,-,2
성북구,보문동,3749,1603,1216,900,210,31,8,3,1,1
성북구,정릉1동,2211,1699,1664,1400,313,72,19,2,2,3
성북구,정릉2동,3226,2470,1976,1648,346,92,33,5,1,1
성북구,정릉3동,4207,1625,994,750,181,41,12,-,3,4
성북구,정릉4동,3715,2726,2165,1706,406,90,20,10,1,1
성북구,길음1동,2456,2488,3090,3617,708,118,29,7,1,5
성북구,길음2동,2315,1520,1446,1286,275,57,9,2,1,-
성북구,월곡1동,3267,2589,2250,2053,489,94,29,5,1,-
성북구,월곡2동,4514,1986,1476,1194,278,71,10,10,4,2
성북구,장위1동,3792,2523,1988,1681,384,75,22,4,2,-
성북구,장위2동,2766,1693,1109,731,188,49,10,-,1,-
성북구,장위3동,2175,1421,1479,1277,288,49,11,2,1,-
성북구,성북동,3900,1825,1201,892,245,70,14,9,-,5
성북구,삼선동,5791,2295,1586,1438,330,74,15,5,1,1
성북구,동선동,6100,1484,931,622,165,37,10,3,-,1
성북구,종암동,6493,3796,3179,2800,670,122,27,8,-,3
성북구,석관동,7073,4095,2937,2031,466,89,24,6,1,1
성북구,석관동,7073,4095,2937,2031,466,89,24,6,1,1
강북구,번1동,5684,2227,1334,843,176,41,4,5,-,-
강북구,번2동,3001,2121,1372,835,222,52,8,2,-,2
강북구,번3동,2452,2236,1407,1084,258,62,7,1,1,-
강북구,수유1동,4792,2484,1613,1074,289,59,18,3,2,4
강북구,수유2동,3707,2586,1805,1237,329,61,14,7,1,2
강북구,수유3동,7252,2655,1686,1008,243,46,9,5,2,1
강북구,삼양동,4582,2760,1956,1416,392,67,14,8,3,1
강북구,미아동,6256,2517,1602,1038,258,46,11,6,1,1
강북구,송중동,5973,3274,2351,1791,416,87,23,5,1,4
강북구,송천동,6453,3314,2051,1443,317,57,10,1,1,2
강북구,삼각산동,2536,2530,2747,2924,595,122,25,11,-,-
강북구,우이동,3681,2567,1662,1222,294,63,11,6,1,2
강북구,인수동,5853,3787,2595,1674,426,106,26,1,1,2
강북구,인수동,5853,3787,2595,1674,426,106,26,1,1,2
도봉구,쌍문1동,3301,2447,1868,1349,367,73,18,7,1,1
도봉구,쌍문2동,3174,2278,1579,1148,292,47,10,2,-,3
도봉구,쌍문3동,3302,1956,1403,956,232,39,11,2,-,-
도봉구,쌍문4동,1604,1740,1693,1698,317,48,12,2,-,-
도봉구,방학1동,4764,3102,2303,1884,495,99,21,6,2,2
도봉구,방학2동,3857,2421,1619,1105,299,56,15,2,2,-
도봉구,방학3동,1875,2596,2492,2331,546,123,21,8,4,1
도봉구,창1동,3829,2688,2151,1776,331,73,18,4,-,-
도봉구,창2동,3999,3247,2623,1973,444,100,30,7,5,-
도봉구,창3동,2631,1704,1163,812,209,30,17,3,1,-
도봉구,창4동,3098,2532,2359,2220,425,87,15,10,1,-
도봉구,창5동,3093,2527,2235,1854,393,84,20,5,3,-
도봉구,도봉1동,4345,2798,1735,1063,275,60,20,4,2,1
도봉구,도봉2동,4121,3184,2403,1707,418,92,26,3,3,-
도봉구,도봉2동,4121,3184,2403,1707,418,92,26,3,3,-
노원구,월계1동,4522,2249,1669,1430,359,55,11,3,-,-
노원구,월계2동,4206,3185,2349,1767,375,80,14,4,1,1
노원구,월계3동,4102,3572,2772,1935,439,94,16,6,3,1
노원구,공릉2동,5865,3308,3181,3250,660,110,28,10,5,1
노원구,하계1동,4281,2437,2099,2204,422,87,17,8,1,4
노원구,하계2동,1801,1886,1966,2134,400,50,11,2,2,-
노원구,중계본동,1934,1421,1878,2608,586,102,18,4,2,1
노원구,중계1동,1405,1434,2353,3192,503,53,14,9,2,-
노원구,중계4동,2699,1999,1659,1622,342,62,17,5,4,1
노원구,상계1동,4629,3878,3283,2916,700,138,31,8,1,4
노원구,상계2동,3325,1751,1630,1608,307,80,14,3,2,-
노원구,상계5동,4082,2742,2065,1536,367,77,16,5,1,1
노원구,상계8동,2493,2368,2203,1754,313,35,9,2,1,2
노원구,상계9동,2253,2255,1956,1616,274,44,14,1,3,-
노원구,상계10동,2036,2049,1705,1459,226,44,12,3,1,-
노원구,상계3.4동,4782,3063,2130,1662,429,82,23,10,2,-
노원구,상계6.7동,4423,3476,2934,2525,433,67,20,5,-,2
노원구,중계2.3동,5225,4114,2988,2427,448,69,13,2,1,1
노원구,공릉1동,8631,3819,2799,2323,491,115,20,4,3,1
노원구,공릉1동,8631,3819,2799,2323,491,115,20,4,3,1
은평구,녹번동,7273,4332,3121,2143,491,98,19,9,1,1
은평구,불광1동,6759,4487,3355,2395,561,115,27,11,2,-
은평구,갈현1동,4847,2700,1836,1279,289,55,16,3,1,-
은평구,갈현2동,4636,3168,2439,1846,436,88,17,7,5,1
은평구,구산동,4368,3281,2695,2129,550,111,32,6,1,5
은평구,대조동,7603,3134,1943,1342,284,85,17,5,1,2
은평구,응암1동,5651,3362,2477,1964,441,84,14,4,4,7
은평구,응암2동,3175,2648,2579,2086,428,96,25,9,3,3
은평구,신사1동,4023,3049,2379,1784,417,105,19,5,3,-
은평구,신사2동,3228,2209,1725,1404,301,79,19,4,-,1
은평구,증산동,2568,1747,1197,953,263,44,12,2,-,-
은평구,수색동,1590,1251,940,750,192,49,8,1,-,-
은평구,진관동,6369,4397,4233,4758,1395,336,56,15,3,4
은평구,불광2동,6442,3409,2236,1430,361,77,19,8,1,-
은평구,응암3동,6058,2980,1888,1266,308,68,17,9,-,1
은평구,역촌동,7920,5176,3872,2883,673,161,41,10,1,-
은평구,역촌동,7920,5176,3872,2883,673,161,41,10,1,-
서대문구,천연동,3086,1803,1458,1156,241,45,13,3,1,2
서대문구,홍제1동,3697,2493,2026,1645,394,75,20,6,1,1
서대문구,홍제3동,2764,1738,1311,947,242,50,9,4,-,1
서대문구,홍제2동,1824,1462,1263,1004,225,38,9,3,-,1
서대문구,홍은1동,3215,2394,1912,1614,384,91,20,7,-,1
서대문구,홍은2동,5008,2898,2160,1665,379,106,32,8,1,-
서대문구,남가좌1동,1294,1218,1467,1373,298,64,16,2,1,-
서대문구,남가좌2동,5065,2979,2472,2093,430,96,19,2,2,-
서대문구,북가좌1동,1632,1736,1579,1525,352,79,15,4,2,-
서대문구,북가좌2동,5782,3646,2620,2045,485,96,23,3,-,1
서대문구,충현동,5164,2023,1448,1238,307,69,15,1,2,1
서대문구,북아현동,2816,1660,1491,1104,209,37,8,-,2,-
서대문구,신촌동,10347,1527,778,555,125,38,9,4,3,4
서대문구,연희동,10113,3630,2446,1870,510,117,21,11,5,-
서대문구,연희동,10113,3630,2446,1870,510,117,21,11,5,-
마포구,용강동,3373,1954,1908,1589,345,74,21,5,2,-
마포구,대흥동,5222,1449,857,690,145,25,4,1,1,2
마포구,염리동,2705,1161,1015,867,152,23,10,2,-,1
마포구,신수동,3857,2243,1913,1622,323,74,18,7,2,1
마포구,서교동,9971,2620,1406,997,220,51,19,6,2,1
마포구,합정동,5231,2052,1226,804,174,39,12,3,1,2
마포구,망원1동,5050,2504,1422,1118,266,54,13,4,2,1
마포구,망원2동,3322,2093,1459,1285,266,54,14,1,1,-
마포구,연남동,5202,1717,972,643,189,33,11,4,2,1
마포구,성산1동,4361,2128,1426,1065,272,66,16,6,7,-
마포구,성산2동,8532,4014,3066,2615,558,123,19,10,1,1
마포구,상암동,4332,2516,2413,2503,656,110,25,10,2,3
마포구,도화동,3513,2042,1821,1491,350,79,19,3,2,2
마포구,서강동,5605,2274,1986,1628,340,61,16,7,-,1
마포구,공덕동,8697,3982,2878,2242,469,108,30,7,3,-
마포구,아현동,3167,2426,2489,1941,334,69,23,2,3,1
마포구,아현동,3167,2426,2489,1941,334,69,23,2,3,1
양천구,목1동,1644,1868,2939,3315,570,111,32,5,3,1
양천구,목2동,5005,3047,2450,2129,462,104,28,8,1,2
양천구,목3동,3900,2496,1861,1418,294,69,23,5,-,1
양천구,목4동,3174,1932,2088,2322,474,92,26,8,-,1
양천구,신월1동,4576,2462,1713,1089,260,51,10,-,2,-
양천구,신월2동,2556,2119,1800,1520,384,93,21,5,2,3
양천구,신월3동,3972,1800,1102,757,228,43,7,2,-,3
양천구,신월4동,1651,1725,1636,1454,345,93,12,3,1,-
양천구,신월5동,2331,1559,1258,987,239,68,13,1,1,2
양천구,신월6동,1174,1322,1266,1197,229,33,6,-,-,-
양천구,신월7동,3352,2600,1770,1172,248,52,15,4,-,-
양천구,신정1동,1394,1331,1682,2230,409,67,12,3,-,2
양천구,신정2동,1558,1346,1561,2058,433,53,7,2,2,1
양천구,신정3동,4922,4506,4147,4079,1020,189,28,9,1,1
양천구,신정6동,1155,1620,2277,2672,444,86,12,8,5,1
양천구,신정7동,3071,2718,2592,2557,455,81,22,8,-,-
양천구,목5동,1743,2304,3703,4776,784,151,40,10,7,1
양천구,신정4동,7243,3673,2599,1908,469,95,22,5,2,3
양천구,신정4동,7243,3673,2599,1908,469,95,22,5,2,3
강서구,염창동,4396,3268,3793,3838,669,117,28,6,-,-
강서구,등촌1동,7615,2481,1668,1245,243,49,15,1,1,-
강서구,등촌2동,2825,2100,1771,1450,351,93,25,3,2,-
강서구,등촌3동,6384,3937,2461,1827,317,72,14,3,2,-
강서구,화곡본동,7901,3827,2656,1950,478,75,26,8,3,1
강서구,화곡2동,3021,2092,1587,1085,307,41,13,3,-,-
강서구,화곡3동,3355,2291,1766,1438,361,92,13,4,3,-
강서구,화곡4동,3932,2538,1736,1219,266,69,14,1,-,1
강서구,화곡6동,5953,2641,1823,1464,308,74,19,3,4,2
강서구,화곡8동,4791,3080,2091,1364,333,60,15,2,-,-
강서구,가양1동,13168,2833,1999,1709,364,82,13,4,2,1
강서구,가양2동,4257,2094,985,500,118,24,12,2,-,2
강서구,가양3동,3462,2374,1284,586,138,28,6,1,-,-
강서구,발산1동,2932,3092,3005,3386,793,137,33,6,3,-
강서구,공항동,5814,2819,2200,1885,481,97,21,4,-,1
강서구,방화1동,5097,4054,3598,3488,876,163,39,4,2,2
강서구,방화2동,5711,2690,1730,1187,309,73,14,2,1,3
강서구,방화3동,4889,2888,1828,1256,270,74,18,4,1,1
강서구,화곡1동,13518,6308,4060,2436,578,122,37,12,3,2
강서구,우장산동,3961,3360,3632,4104,819,146,24,16,3,2
강서구,우장산동,3961,3360,3632,4104,819,146,24,16,3,2
구로구,신도림동,3065,3103,3295,3161,588,130,33,6,6,-
구로구,구로1동,2351,2025,1820,1765,343,54,17,5,1,-
구로구,구로3동,7827,2341,1559,1156,279,55,17,3,1,-
구로구,구로4동,5356,2526,1494,944,202,43,9,5,1,1
구로구,구로5동,7459,3065,2164,1661,382,85,21,6,1,-
구로구,고척1동,3130,2305,1824,1779,377,80,10,4,1,-
구로구,고척2동,3962,2810,2278,1968,408,106,13,4,-,-
구로구,개봉2동,3304,3487,2823,2239,527,123,33,8,2,1
구로구,개봉3동,2774,2441,1802,1368,300,60,11,5,1,-
구로구,오류1동,6315,2539,1636,1129,283,57,15,5,2,2
구로구,수궁동,3065,2697,2084,1561,419,103,17,4,1,-
구로구,가리봉동,4118,994,461,267,61,8,3,2,1,1
구로구,구로2동,6392,2944,1806,1103,296,68,27,3,2,1
구로구,개봉1동,5322,3896,2879,2240,536,107,30,4,3,1
구로구,오류2동,4613,4076,3028,2824,794,162,42,6,4,4
구로구,항동,1515,1337,1559,1390,297,52,12,2,1,-
구로구,항동,1515,1337,1559,1390,297,52,12,2,1,-
금천구,가산동,12171,2099,1070,659,149,37,1,1,-,1
금천구,독산1동,10877,4181,2985,2471,594,118,27,11,3,1
금천구,독산2동,4340,2275,1481,1015,229,39,6,4,-,1
금천구,독산3동,6176,2973,1795,1270,278,57,12,3,2,-
금천구,독산4동,3550,1822,1169,835,208,40,7,1,3,-
금천구,시흥1동,7056,3777,2574,1981,453,81,25,4,-,2
금천구,시흥2동,2046,2153,1796,1675,421,105,31,8,2,3
금천구,시흥3동,1512,1313,950,689,189,26,9,4,-,1
금천구,시흥4동,3272,2362,1727,1322,300,71,20,8,1,-
금천구,시흥5동,4067,2434,1495,1025,287,59,14,1,2,2
금천구,시흥5동,4067,2434,1495,1025,287,59,14,1,2,2
영등포구,여의동,4106,3106,2945,2597,535,153,29,8,7,5
영등포구,당산1동,5620,2293,1494,1040,249,55,16,2,-,4
영등포구,당산2동,9127,3356,2853,2370,471,120,27,11,-,1
영등포구,양평1동,4809,1983,1294,855,181,47,13,3,2,-
영등포구,양평2동,4386,2333,1776,1474,295,64,13,2,-,1
영등포구,신길1동,6534,1853,1039,702,168,33,4,1,-,-
영등포구,신길3동,3037,1749,1418,1096,252,31,11,2,1,-
영등포구,신길4동,2283,1341,1041,785,172,23,7,1,-,-
영등포구,신길5동,1933,1178,873,673,179,23,9,1,-,4
영등포구,신길6동,4018,1975,1449,1203,270,50,20,8,-,5
영등포구,신길7동,2220,1719,1683,1722,370,63,15,5,3,-
영등포구,대림1동,3270,1699,1114,884,180,39,12,1,-,2
영등포구,대림2동,3937,1538,810,473,118,34,11,3,-,-
영등포구,대림3동,4159,2558,1857,1390,339,72,23,2,2,-
영등포구,영등포본동,4822,2123,1642,1337,299,47,11,3,1,1
영등포구,영등포동,14467,2370,1376,959,189,41,6,2,-,2
영등포구,도림동,4684,2123,1331,909,210,42,11,5,1,-
영등포구,문래동,3927,3069,2883,2649,537,108,25,4,2,2
영등포구,문래동,3927,3069,2883,2649,537,108,25,4,2,2
동작구,노량진2동,4720,1466,791,476,114,27,5,-,-,-
동작구,상도1동,10027,4103,3546,2934,588,121,32,8,1,3
동작구,상도2동,5137,2786,2293,2051,404,88,22,4,1,-
동작구,상도3동,5441,2690,1950,1447,309,84,20,7,3,2
동작구,상도4동,6252,3164,2311,1698,387,67,14,2,-,2
동작구,사당1동,7915,2646,1447,986,202,50,7,5,1,-
동작구,사당3동,3612,2451,2149,1775,384,87,32,10,2,1
동작구,사당4동,3372,1610,1084,810,179,30,10,4,2,-
동작구,사당5동,2558,1588,1261,952,198,34,9,-,1,2
동작구,대방동,7240,3347,2881,2905,646,120,35,5,3,3
동작구,신대방1동,4019,2074,1743,1829,412,88,18,6,2,-
동작구,신대방2동,4437,1764,1444,1318,341,75,20,6,-,-
동작구,흑석동,5376,3078,2716,2244,471,99,22,6,-,-
동작구,노량진1동,7669,3280,2389,1876,450,85,22,6,1,1
동작구,사당2동,4350,3011,2368,1680,414,96,15,4,5,-
동작구,사당2동,4350,3011,2368,1680,414,96,15,4,5,-
관악구,보라매동,6408,2762,1742,1281,303,63,14,1,4,1
관악구,청림동,2037,1688,1406,1050,215,51,9,6,-,1
관악구,행운동,10995,2967,1710,1237,297,82,10,4,-,-
관악구,낙성대동,7916,1542,805,600,154,38,6,3,-,2
관악구,중앙동,6574,1567,781,576,126,23,6,1,1,1
관악구,인헌동,8068,2724,1718,1302,312,55,24,3,-,1
관악구,남현동,5037,1950,1301,918,218,54,15,5,1,3
관악구,서원동,9207,2561,1289,773,195,51,9,2,-,-
관악구,신원동,6756,2079,1107,697,149,42,5,1,3,1
관악구,서림동,9681,2329,1275,922,233,49,19,3,1,2
관악구,신사동,8872,2315,1329,950,193,40,10,4,-,-
관악구,신림동,14472,1860,598,317,83,15,4,1,-,1
관악구,난향동,1904,1570,1265,1166,290,63,22,3,1,2
관악구,조원동,6932,1843,945,697,171,26,13,1,1,-
관악구,대학동,12262,1893,1126,739,188,42,7,2,-,-
관악구,은천동,7238,3557,2478,2107,498,117,25,8,1,1
관악구,성현동,4084,2974,2471,2268,504,91,22,7,4,1
관악구,청룡동,15980,3164,1789,1336,329,61,16,6,-,1
관악구,난곡동,5605,3266,2154,1552,365,80,19,5,1,1
관악구,삼성동,4594,2682,1797,1340,349,72,21,2,-,3
관악구,미성동,5874,3330,2427,1973,502,95,29,5,-,1
관악구,미성동,5874,3330,2427,1973,502,95,29,5,-,1
서초구,서초1동,3960,1812,1578,1419,378,111,25,7,-,2
서초구,서초2동,4176,1863,1698,1664,350,77,18,7,3,1
서초구,서초3동,6493,2969,2406,2133,520,145,45,12,4,3
서초구,서초4동,2332,1928,2646,3234,608,123,37,13,3,1
서초구,잠원동,3801,1983,2375,2403,475,103,26,12,2,2
서초구,반포본동,691,879,932,1175,222,48,10,2,3,1
서초구,반포1동,6358,2210,2335,2564,589,124,24,15,7,1
서초구,반포2동,629,880,1291,1700,426,79,18,5,4,2
서초구,반포3동,1374,1561,2100,2153,431,78,30,9,3,1
서초구,반포4동,1797,1545,1756,1548,399,102,21,8,4,1
서초구,방배본동,2271,1587,1734,1805,433,110,29,7,3,3
서초구,방배1동,2933,1759,1359,1154,265,62,19,5,2,3
서초구,방배2동,3044,2189,1546,1383,306,69,24,7,1,5
서초구,방배3동,2230,1887,1816,1628,350,84,30,5,3,3
서초구,방배4동,3416,2066,1801,1884,443,112,24,10,-,1
서초구,양재1동,6141,4087,3407,3102,973,238,69,17,1,2
서초구,양재2동,5153,2270,1570,1326,355,87,18,11,2,1
서초구,내곡동,2222,1894,1532,1213,330,88,16,11,2,2
서초구,내곡동,2222,1894,1532,1213,330,88,16,11,2,2
강남구,신사동,2824,1575,1263,1151,258,81,21,6,4,1
강남구,논현1동,9623,2416,1170,756,220,63,23,5,1,3
강남구,논현2동,6445,2140,1532,1144,235,66,16,6,-,-
강남구,삼성1동,2074,1188,995,955,259,68,20,7,2,1
강남구,삼성2동,5744,2316,2274,2324,467,102,38,7,2,2
강남구,대치1동,588,984,1955,3016,621,113,25,6,6,1
강남구,대치4동,5473,1680,1337,1296,286,78,17,3,2,-
강남구,역삼1동,17310,3471,1600,1078,279,77,26,5,6,1
강남구,역삼2동,6481,2321,2797,3186,570,117,28,11,6,3
강남구,도곡1동,2709,1636,1849,1941,365,90,17,10,5,1
강남구,도곡2동,2200,2407,3001,3321,674,135,30,7,1,2
강남구,개포1동,776,615,504,533,121,30,10,3,1,-
강남구,개포4동,3419,2174,1993,1835,387,65,23,5,3,2
강남구,일원본동,1471,1620,2012,2455,435,82,18,5,1,1
강남구,일원1동,3309,1783,1186,867,241,50,8,3,-,-
강남구,일원2동,2357,1852,1589,1370,260,42,6,2,-,1
강남구,수서동,3527,2333,1111,605,162,31,5,9,-,-
강남구,세곡동,6069,4009,3242,3247,1032,239,61,11,7,-
강남구,압구정동,2894,2432,2372,2129,479,138,28,6,4,1
강남구,청담동,4610,2379,2160,1877,459,108,38,11,6,3
강남구,대치2동,2606,2320,3128,3851,735,127,26,8,4,-
강남구,개포2동,1620,1855,2075,2044,354,78,15,3,1,-
강남구,개포2동,1620,1855,2075,2044,354,78,15,3,1,-
송파구,풍납1동,2454,1578,1063,873,172,44,11,4,-,-
송파구,풍납2동,4252,2358,2205,1797,366,95,21,5,-,-
송파구,거여1동,2061,1418,1027,866,198,37,14,1,1,-
송파구,거여2동,2722,2152,1634,1285,274,60,10,3,1,2
송파구,마천1동,3613,2134,1531,1146,345,75,11,3,-,-
송파구,마천2동,3430,2202,1569,1150,292,72,12,5,1,2
송파구,방이1동,1922,1255,1306,1388,291,83,14,3,3,-
송파구,방이2동,8570,2807,1745,1212,262,70,12,2,1,1
송파구,오륜동,683,1195,1596,1976,399,55,25,7,-,2
송파구,오금동,4539,3762,3470,2985,664,177,28,3,3,1
송파구,송파1동,6134,2679,1808,1317,326,84,17,5,1,2
송파구,송파2동,1767,1606,1754,1749,389,71,13,8,1,-
송파구,석촌동,8870,3631,2279,1675,341,90,15,5,4,-
송파구,삼전동,8487,3414,2232,1618,382,74,22,5,2,1
송파구,가락본동,4765,2618,2229,1791,450,85,27,2,1,1
송파구,가락1동,1663,2479,2562,2488,458,95,18,4,2,3
송파구,가락2동,3121,2624,2949,2968,544,123,26,5,2,-
송파구,문정1동,2878,1957,1658,1583,364,63,10,8,1,3
송파구,문정2동,8783,2784,1915,1649,335,97,25,8,-,2
송파구,잠실본동,8571,2967,2012,1394,306,74,16,7,1,1
송파구,잠실4동,1121,1491,2027,2116,417,77,17,7,3,-
송파구,잠실6동,963,1406,1561,1502,364,76,24,3,3,2
송파구,잠실7동,523,905,869,870,191,46,9,3,1,-
송파구,잠실2동,1705,1923,3109,4084,678,135,15,7,-,1
송파구,잠실3동,1818,2709,3240,3405,632,120,32,9,3,2
송파구,장지동,3526,2979,2711,2193,511,118,15,5,1,1
송파구,위례동,1368,1972,2614,3264,913,161,29,3,1,1
송파구,위례동,1368,1972,2614,3264,913,161,29,3,1,1
강동구,강일동,3649,3955,3302,3127,1035,193,39,2,4,1
강동구,상일동,2181,2868,3366,3774,738,122,25,9,3,4
강동구,명일1동,2498,2505,2420,2128,420,74,16,10,-,2
강동구,명일2동,1404,1196,1373,1786,351,61,25,10,1,1
강동구,고덕1동,1582,1576,2266,2631,481,101,19,11,-,1
강동구,고덕2동,2274,2152,2043,1895,329,56,21,3,1,2
강동구,암사2동,1905,1578,1422,1136,231,37,8,-,2,2
강동구,암사3동,1096,1426,1605,1669,382,76,21,10,3,4
강동구,천호1동,5428,3162,2226,1555,362,84,13,5,-,2
강동구,천호3동,7270,3016,1952,1303,295,72,17,4,-,-
강동구,성내1동,2548,2019,1828,1496,313,67,22,2,-,-
강동구,성내2동,6834,2814,1831,1079,253,51,19,9,-,1
강동구,성내3동,4254,2536,1859,1567,333,63,13,6,-,1
강동구,둔촌1동,56,8,8,7,2,-,-,-,-,-
강동구,둔촌2동,3587,2552,2137,1928,356,72,12,3,-,1
강동구,암사1동,6373,3749,2906,2326,451,91,25,9,2,-
강동구,천호2동,8690,4066,2522,1714,368,88,23,6,2,1
강동구,길동,9324,4901,3732,2800,665,149,43,8,6,-
